feature,psi,status
dti,2.3595,ALERT
annual_inc,0.8275,ALERT
loan_to_income,0.7414,ALERT
installment_to_income,0.7153,ALERT
util_x_dti,0.4159,ALERT
verification_status_Source Verified,0.0556,stable
verification_status_Verified,0.0216,stable
purpose_wedding,0.0195,stable
pub_rec,0.0192,stable
revol_util,0.0189,stable
open_acc,0.0175,stable
credit_history_years,0.0131,stable
fico_avg,0.0117,stable
verification_status_Not Verified,0.0098,stable
installment,0.0059,stable
high_util,0.0053,stable
delinq_2yrs,0.0052,stable
revol_bal,0.0051,stable
home_ownership_OWN,0.0044,stable
purpose_small_business,0.0041,stable
emp_years_missing,0.0036,stable
loan_amnt,0.0036,stable
emp_years,0.0033,stable
purpose_credit_card,0.0015,stable
purpose_educational,0.0015,stable
home_ownership_MORTGAGE,0.0014,stable
total_acc,0.0013,stable
purpose_car,0.001,stable
term_months,0.0005,stable
home_ownership_OTHER,0.0005,stable
purpose_major_purchase,0.0005,stable
purpose_house,0.0004,stable
purpose_home_improvement,0.0003,stable
purpose_other,0.0002,stable
revol_util_missing,0.0001,stable
home_ownership_NONE,0.0001,stable
home_ownership_RENT,0.0,stable
home_ownership_ANY,0.0,stable
dti_missing,0.0,stable
purpose_debt_consolidation,0.0,stable
purpose_moving,0.0,stable
purpose_medical,0.0,stable
purpose_renewable_energy,0.0,stable
purpose_vacation,0.0,stable
