,share_of_gain
term_months,0.243
fico_avg,0.154
installment_to_income,0.085
loan_to_income,0.067
annual_inc,0.057
revol_bal,0.047
dti,0.047
installment,0.039
credit_history_years,0.036
loan_amnt,0.028
util_x_dti,0.025
revol_util,0.025
open_acc,0.024
total_acc,0.021
emp_years,0.014
purpose_small_business,0.013
purpose_credit_card,0.011
home_ownership_MORTGAGE,0.011
home_ownership_RENT,0.01
emp_years_missing,0.008
verification_status_Not Verified,0.006
delinq_2yrs,0.004
verification_status_Source Verified,0.004
pub_rec,0.003
purpose_other,0.003
purpose_debt_consolidation,0.003
verification_status_Verified,0.002
purpose_moving,0.002
purpose_medical,0.001
purpose_home_improvement,0.001
home_ownership_OWN,0.001
purpose_vacation,0.001
purpose_wedding,0.001
purpose_major_purchase,0.001
purpose_car,0.001
purpose_house,0.0
high_util,0.0
purpose_renewable_energy,0.0
purpose_educational,0.0
home_ownership_OTHER,0.0
revol_util_missing,0.0
home_ownership_ANY,0.0
dti_missing,0.0
home_ownership_NONE,0.0
