,mean_abs_shap
term_months,0.41364
fico_avg,0.23926
installment_to_income,0.21341
installment,0.13109
loan_amnt,0.12331
open_acc,0.11009
dti,0.10037
annual_inc,0.0946
revol_bal,0.0849
loan_to_income,0.07302
purpose_credit_card,0.06314
home_ownership_RENT,0.05209
total_acc,0.05167
home_ownership_MORTGAGE,0.04385
credit_history_years,0.04018
util_x_dti,0.03358
emp_years_missing,0.03193
revol_util,0.02576
emp_years,0.02547
verification_status_Source Verified,0.02464
verification_status_Not Verified,0.01372
purpose_small_business,0.01306
delinq_2yrs,0.01203
purpose_debt_consolidation,0.01201
verification_status_Verified,0.01153
purpose_other,0.01151
pub_rec,0.00775
purpose_moving,0.00365
purpose_medical,0.00321
purpose_car,0.0024
home_ownership_OWN,0.00209
purpose_vacation,0.00193
high_util,0.00154
purpose_major_purchase,0.00128
purpose_home_improvement,0.00098
purpose_wedding,0.00085
purpose_house,0.00031
purpose_educational,0.00023
purpose_renewable_energy,0.00019
home_ownership_OTHER,8e-05
revol_util_missing,3e-05
home_ownership_ANY,0.0
dti_missing,0.0
home_ownership_NONE,0.0
